{
    "AB": true,
    "AUM": false,
    "AimAlways": false,
    "AimBot": true,
    "AimBotHotKey": 0,
    "AimFov": 2.0999999046325684,
    "AimFovRangeColor": [
        0.9019608497619629,
        0.9019608497619629,
        0.9019608497619629,
        1.0
    ],
    "AimPosition": 0,
    "AimPositionIndex": 6,
    "AimToggleMode": false,
    "AmmoBar": true,
    "ArmorBar": true,
    "Autoshoot": false,
    "BoneColor": [
        1.0,
        1.0,
        1.0,
        1.0
    ],
    "BoxColor": [
        1.0,
        1.0,
        1.0,
        1.0
    ],
    "BunnyHop": true,
    "BunnyHopHotKey": 0,
    "C4T": true,
    "C4Tc": [
        1.0,
        0.0,
        0.0,
        1.0
    ],
    "CrossHairColor": [
        1.0,
        0.0,
        0.0,
        1.0
    ],
    "CrossHairSize": 3.0,
    "CustomAmmoColor": [
        0.0,
        0.9372549653053284,
        0.988235354423523,
        1.0
    ],
    "CustomArmorColor": [
        0.0,
        0.501960813999176,
        1.0,
        1.0
    ],
    "CustomBackGroundColor": [
        0.3529411852359772,
        0.3529411852359772,
        0.3529411852359772,
        0.0
    ],
    "CustomBackupHealthColor": [
        1.0,
        1.0,
        1.0,
        0.0
    ],
    "CustomFirstStageColor": [
        1.0,
        1.0,
        1.0,
        1.0
    ],
    "CustomFrameColor": [
        0.0,
        0.0,
        0.0,
        1.0
    ],
    "CustomSecondStageColor": [
        0.0,
        0.8421051502227783,
        1.0,
        1.0
    ],
    "CustomThirdStageColor": [
        0.0,
        0.021052837371826172,
        1.0,
        1.0
    ],
    "Dmg": false,
    "EyeRayColor": [
        0.0,
        0.33684206008911133,
        1.0,
        1.0
    ],
    "FC": false,
    "FOVC": false,
    "FOVCv": 90,
    "FSPesp": true,
    "FSPespC": [
        0.0,
        0.1473684310913086,
        1.0,
        1.0
    ],
    "FastStop": false,
    "Hitmarkers": true,
    "Hitsound": true,
    "HitsoundType": 0,
    "MemAim": false,
    "Mp": false,
    "MpC": [
        255.0,
        255.0,
        255.0,
        255.0
    ],
    "MpRgb": false,
    "NM": true,
    "NMA": 100,
    "OBSBypass": false,
    "Proportion": 3300.0,
    "QuickStop": true,
    "RCS": true,
    "RCSBullet": 1,
    "RCSScale": [
        2.0,
        2.0
    ],
    "RF": true,
    "RadarBgAlpha": 0.800000011920929,
    "RadarColor": [
        1.0,
        1.0,
        1.0,
        1.0
    ],
    "RadarCrossLineColor": [
        0.8627451658248901,
        0.8627451658248901,
        0.8627451658248901,
        1.0
    ],
    "RadarPointSizeProportion": 1.0,
    "RadarRange": 100.0,
    "RadarType": 2,
    "RecoilFov": true,
    "SC": false,
    "ShowAimFovRange": true,
    "ShowAmmoNum": true,
    "ShowArmor": true,
    "ShowBoneESP": true,
    "ShowBoxESP": true,
    "ShowCrossHair": false,
    "ShowDistance": true,
    "ShowEyeRay": true,
    "ShowHealthBar": true,
    "ShowHealthNum": true,
    "ShowLethal": true,
    "ShowMenu": true,
    "ShowMoney": true,
    "ShowPlayerName": true,
    "ShowRadar": true,
    "ShowRadarCrossLine": true,
    "ShowScoped": true,
    "ShowWeaponESP": true,
    "ShowWhenSpec": true,
    "Smooth": 9.899999618530273,
    "Sp": true,
    "SpC": [
        255.0,
        255.0,
        255.0,
        255.0
    ],
    "SpRgb": false,
    "SpecList": true,
    "TB": true,
    "TeamCheck": false,
    "TriggerAlways": false,
    "TriggerBot": true,
    "TriggerDelay": 10,
    "TriggerHotKey": 0,
    "TriggerToggleMode": false,
    "VBoneE": true,
    "VBoneEColor": [
        0.0,
        0.8421051502227783,
        1.0,
        1.0
    ],
    "VBoxE": true,
    "VBoxEColor": [
        0.0,
        0.8421051502227783,
        1.0,
        1.0
    ],
    "VSync": false,
    "VisibleCheck": false,
    "WaterMark": false,
    "bUseCustomColors": false
}